,lat,lng,name,type,type_name,type_custom
0,55.690003,37.605126,Крымская,metro,Станция метро,метро
1,55.72086,37.560354,Лужники,metro,Станция метро,метро
2,55.742313,37.629275,Станция метро Новокузнецкая,metro,Станция метро,метро
3,55.718819,37.607933,Шаболовская,metro,Станция метро,метро
4,55.708841,37.622612,Тульская,metro,Станция метро,метро
5,55.706406,37.657161,Автозаводская,metro,Станция метро,метро
6,55.706688,37.586313,Ленинский проспект,metro,Станция метро,метро
7,55.742338,37.653653,Таганская,metro,Станция метро,метро
8,55.731537,37.636331,Павелецкая,metro,Станция метро,метро
9,55.740943,37.626439,Третьяковская,metro,Станция метро,метро
10,55.72901,37.622521,Добрынинская,metro,Станция метро,метро
11,55.723093,37.563938,Спортивная,metro,Станция метро,метро
12,55.745073,37.603488,Кропоткинская,metro,Станция метро,метро
13,55.726876,37.625001,Серпуховская,metro,Станция метро,метро
14,55.693933,37.664424,Технопарк,metro,Станция метро,метро
15,55.710378,37.559275,Воробьёвы горы,metro,Станция метро,метро
16,55.752339,37.604098,Арбатская,metro,Станция метро,метро
17,55.731704,37.664186,Пролетарская,metro,Станция метро,метро
18,55.67841,37.663832,Коломенская,metro,Станция метро,метро
19,55.724826,37.686989,Станция метро Волгоградский проспект,metro,Станция метро,метро
20,55.727314,37.580465,Фрунзенская,metro,Станция метро,метро
21,55.683316,37.622847,Нагатинская,metro,Станция метро,метро
22,55.692612,37.533523,Университет,metro,Станция метро,метро
23,55.706263,37.685447,Кожуховская,metro,Станция метро,метро
24,55.73617,37.516982,Парк Победы,metro,Станция метро,метро
25,55.669627,37.553623,Новые Черёмушки,metro,Станция метро,метро
26,55.736809,37.618472,Полянка,metro,Станция метро,метро
27,55.731065,37.612461,Октябрьская,metro,Станция метро,метро
28,55.735822,37.594691,Парк культуры,metro,Станция метро,метро
29,55.741305,37.655961,Марксистская,metro,Станция метро,метро
30,55.687769,37.57344,Академическая,metro,Станция метро,метро
31,55.677932,37.562874,Профсоюзная,metro,Станция метро,метро
32,55.672858,37.610747,Нагорная,metro,Станция метро,метро
33,55.712608,37.676703,Дубровка,metro,Станция метро,метро
34,55.744538,37.566804,Киевская,metro,Станция метро,метро
35,55.731326,37.636255,Павелецкая,metro,Станция метро,метро
36,55.746434,37.681406,Римская,metro,Станция метро,метро
37,55.735596,37.594245,Парк культуры,metro,Станция метро,метро
38,55.751344,37.610225,Библиотека имени Ленина,metro,Станция метро,метро
39,55.750076,37.541388,Выставочная,metro,Станция метро,метро
40,55.690082,37.618765,Верхние Котлы,metro,Станция метро,метро
41,55.677458,37.507182,Проспект Вернадского,metro,Станция метро,метро
42,55.739549,37.652746,Таганская,metro,Станция метро,метро
43,55.732452,37.665069,Крестьянская Застава,metro,Станция метро,метро
44,55.706775,37.586584,Площадь Гагарина,metro,Станция метро,метро
45,55.69867,37.649271,ЗИЛ,metro,Станция метро,метро
46,55.748898,37.582032,Смоленская,metro,Станция метро,метро
47,55.745972,37.514956,Фили,metro,Станция метро,метро
48,55.692977,37.728401,Печатники,metro,Станция метро,метро
49,55.708958,37.733143,Текстильщики,metro,Станция метро,метро
50,55.659286,37.750239,Братиславская,metro,Станция метро,метро
51,55.656682,37.540075,Калужская,metro,Станция метро,метро
52,55.750496,37.60913,Боровицкая,metro,Станция метро,метро
53,55.66238,37.605275,Нахимовский проспект,metro,Станция метро,метро
54,55.690653,37.753288,Волжская,metro,Станция метро,метро
55,55.74033,37.534191,Кутузовская,metro,Станция метро,метро
56,55.718073,37.67625,Дубровка,metro,Станция метро,метро
57,55.741328,37.626433,Третьяковская,metro,Станция метро,метро
58,55.747765,37.531685,Деловой центр,metro,Станция метро,метро
59,55.751436,37.716619,Авиамоторная,metro,Станция метро,метро
60,55.707061,37.516067,Ломоносовский проспект,metro,Станция метро,метро
61,55.738785,37.548377,Студенческая,metro,Станция метро,метро
62,55.72928,37.611102,Октябрьская,metro,Станция метро,метро
63,55.746392,37.736908,Андроновка,metro,Станция метро,метро
64,55.747297,37.680796,Площадь Ильича,metro,Станция метро,метро
65,55.697692,37.498731,Раменки,metro,Станция метро,метро
66,55.749099,37.540131,Деловой центр,metro,Станция метро,метро
67,55.717944,37.695557,Угрешская,metro,Станция метро,метро
68,55.752349,37.609461,Александровский сад,metro,Станция метро,метро
69,55.705463,37.661326,Автозаводская,metro,Станция метро,метро
70,55.727207,37.752257,Станция метро Стахановская,metro,Станция метро,метро
71,55.724414,37.717526,Новохохловская,metro,Станция метро,метро
72,55.748311,37.534263,Международная,metro,Станция метро,метро
73,55.743801,37.497863,Багратионовская,metro,Станция метро,метро
74,55.723949,37.497875,Минская,metro,Станция метро,метро
75,55.748952,37.582172,Смоленская,metro,Станция метро,метро
76,55.731045,37.727472,Нижегородская,metro,Станция метро,метро
77,55.743589,37.565588,Киевская,metro,Станция метро,метро
78,55.752536,37.604196,Арбатская,metro,Станция метро,метро
79,55.739526,37.534076,Кутузовская,metro,Станция метро,метро
80,55.736935,37.516009,Парк Победы,metro,Станция метро,метро
81,55.744675,37.566945,Киевская,metro,Станция метро,метро
82,55.685024,37.7339,Кубанская,metro,Станция метро,метро
83,55.656683,37.540077,Калужская,metro,Станция метро,метро
84,55.745656,37.688313,Москва-Товарная,metro,Станция метро,метро
85,55.731681,37.730313,Нижегородская,metro,Станция метро,метро
86,55.744218,37.514984,Фили,metro,Станция метро,метро
87,55.729919,37.601348,Центральный парк культуры и отдыха им. М. Горького,park,Парк культуры и отдыха,парк
88,55.667646,37.670858,Музей-заповедник Коломенское,museum,Музей,парк
89,55.71715,37.5873,Нескучный сад,park,Парк культуры и отдыха,парк
90,55.697318,37.611325,Детский парк на Загородном шоссе,park,Парк культуры и отдыха,парк
91,55.711474,37.544461,Воробьёвы горы,park,Парк культуры и отдыха,парк
92,55.701416,37.620378,Народный парк Южный дворик,park,Парк культуры и отдыха,парк
93,55.736472,37.609085,Музеон,park,Парк культуры и отдыха,парк
94,55.736451,37.609084,Парк искусств Музеон,museum,Музей,парк
95,55.699121,37.611213,Парк у пруда Бекет,park,Парк культуры и отдыха,парк
96,55.73018,37.50268,Парк Победы,park,Парк культуры и отдыха,парк
97,55.663241,37.650601,Садовники,park,Парк культуры и отдыха,парк
98,55.701139,37.66347,Народный парк Кожухово,park,Парк культуры и отдыха,парк
99,55.690493,37.566715,Академический парк,park,Парк культуры и отдыха,парк
100,55.67205,37.665183,Музей,forest,Лесопарк,парк
101,55.660702,37.663299,Музей-заповедник Коломенское,forest,Лесопарк,парк
102,55.740791,37.662183,Детский парк им. Прямикова,park,Парк культуры и отдыха,парк
103,55.713,37.657116,Липки,park,Парк культуры и отдыха,парк
104,55.69594,37.671868,Северный ландшафтный парк,park,Парк культуры и отдыха,парк
105,55.682016,37.500441,"Парк имени 50-летия Октября, администрация",park,Парк культуры и отдыха,парк
106,55.73008,37.606204,Салют,childrens playground,Детская площадка,парк
107,55.668118,37.596186,Парк Сосенки,park,Парк культуры и отдыха,парк
108,55.751481,37.627082,Зарядье,park,Парк культуры и отдыха,парк
109,55.692584,37.674053,Нагатинская пойма,park,Парк культуры и отдыха,парк
110,55.667245,37.531936,Усадьба Воронцово,park,Парк культуры и отдыха,парк
111,55.728791,37.577454,Усадьба Трубецких,park,Парк культуры и отдыха,парк
112,55.732246,37.508362,Поклонная гора,landmark,Природа,парк
113,55.718961,37.576172,Парк культуры и отдыха,park,Парк культуры и отдыха,парк
114,55.738865,37.667321,Парк культуры и отдыха Таганский,park,Парк культуры и отдыха,парк
115,55.740081,37.664797,Таганский парк,forest,Лесопарк,парк
116,55.691559,37.673243,Южный ландшафтный парк,park,Парк культуры и отдыха,парк
117,55.727782,37.55406,Парк Новодевичьи Пруды,park,Парк культуры и отдыха,парк
118,55.694379,37.586153,Новые Черёмушки,park,Парк культуры и отдыха,парк
119,55.665197,37.570062,Парк 70-летия Победы,park,Парк культуры и отдыха,парк
120,55.704002,37.521345,"Московский государственный университет им. М. В. Ломоносова, ботанический сад",forest,Лесопарк,парк
121,55.666613,37.531447,Воронцовский парк,park,Парк культуры и отдыха,парк
122,55.753153,37.553923,Красная Пресня,park,Парк культуры и отдыха,парк
123,55.665375,37.589756,Парк Долина реки Котловка,park,Парк культуры и отдыха,парк
124,55.682853,37.717271,Парк Печатники,park,Парк культуры и отдыха,парк
125,55.698104,37.621673,Детский парк,park,Парк культуры и отдыха,парк
126,55.691385,37.745379,Парк Шкулёва,park,Парк культуры и отдыха,парк
127,55.688526,37.749134,Люблинский парк,park,Парк культуры и отдыха,парк
128,55.706883,37.528037,Парк МГУ,park,Парк культуры и отдыха,парк
129,55.748635,37.614107,Тайницкий сад,park,Парк культуры и отдыха,парк
130,55.710744,37.544129,Воробьёвы горы,park,Парк культуры и отдыха,парк
131,55.677612,37.588017,усадьба Черёмушки-Знаменское,park,Парк культуры и отдыха,парк
132,55.737289,37.577973,Сквер Девичьего поля,park,Сквер,парк
133,55.667625,37.604717,Коробковский сад,forest,Лесопарк,парк
134,55.658562,37.504177,Юго-Западный лесопарк,park,Парк культуры и отдыха,парк
135,55.659607,37.588912,Два медведя,park,Парк культуры и отдыха,парк
136,55.724972,37.595101,Голицынский пруд,park,Парк культуры и отдыха,парк
137,55.753185,37.553927,Красная Пресня,park,Парк культуры и отдыха,парк
138,55.751101,37.65869,Парк усадьбы Усачёвых-Найдёновых,park,Парк культуры и отдыха,парк
139,55.677897,37.648947,Сквер Ветеранов,park,Сквер,парк
140,55.696785,37.543557,Парк имени 40-летия ВЛКСМ,park,Парк культуры и отдыха,парк
141,55.748621,37.624602,Малый Москворецкий мост,forest,Лесопарк,парк
142,55.710781,37.535096,Большой газон МГУ,park,Парк культуры и отдыха,парк
143,55.751714,37.699859,Зелёная река,park,Парк культуры и отдыха,парк
144,55.748461,37.504331,Детский парк Фили,park,Парк культуры и отдыха,парк
145,55.738254,37.595847,Сквер Тургенева,park,Парк культуры и отдыха,парк
146,55.671244,37.67601,Зингаро,park,Парк культуры и отдыха,парк
147,55.687848,37.622024,Нагорный велосквер,park,Сквер,парк
148,55.662604,37.743951,Парк Героев Отечественной войны 1812 года,park,Парк культуры и отдыха,парк
149,55.714626,37.551768,Престижная аллея,park,Парк культуры и отдыха,парк
150,55.70771,37.52683,Ботанический сад Московского государственного университета им. М. В. Ломоносова,park,Парк культуры и отдыха,парк
151,55.661562,37.755867,Парк им. Артема Боровика,park,Парк культуры и отдыха,парк
152,55.663314,37.65602,"Садовники, дирекция парка",park,Парк культуры и отдыха,парк
153,55.676983,37.512924,Удальцовские пруды,park,Парк культуры и отдыха,парк
154,55.659683,37.703732,Батюнинский парк,park,Парк культуры и отдыха,парк
155,55.750746,37.686094,Арт-парк Символ,park,Парк культуры и отдыха,парк
156,55.709851,37.592083,Народный парк ‎Бульвар Архитекторов,park,Парк культуры и отдыха,парк
157,55.717888,37.523336,Парк культуры и отдыха,park,Парк культуры и отдыха,парк
158,55.753185,37.553927,Парк Красная Пресня,park,Парк культуры и отдыха,парк
159,55.667532,37.662773,Аптекарский огород,park,Парк культуры и отдыха,парк
160,55.736089,37.52412,Сквер 1812 Года,park,Парк культуры и отдыха,парк
161,55.749323,37.642916,Устьинский сквер,park,Сквер,парк
162,55.748034,37.721046,"Мемориально-парковый комплекс, посвященный 65-летию Победы в Великой Отечественной войне 1941-1945 годов",park,Парк культуры и отдыха,парк
163,55.669091,37.670628,Парк Липки,park,Парк культуры и отдыха,парк
164,55.730487,37.605238,Пионерский пруд,park,Парк культуры и отдыха,парк
165,55.731524,37.603003,Лекторий Парка Горького,park,Парк культуры и отдыха,парк
166,55.737035,37.753496,Народный парк,park,Сквер,парк
167,55.659936,37.5558,Закрытый парк Газпрома,park,Парк культуры и отдыха,парк
168,55.740981,37.520262,Сквер за музеем Бородинская панорама,park,Парк культуры и отдыха,парк
169,55.718841,37.597405,Land of Peace,park,Парк культуры и отдыха,парк
170,55.727425,37.597756,КРК Чудо-Град,park,Парк культуры и отдыха,парк
171,55.658747,37.577079,Сквер-музей Зюзинской волости,park,Сквер,парк
172,55.719459,37.745257,Солнечный парк,park,Парк культуры и отдыха,парк
173,55.67322,37.672184,Потешная слобода,park,Парк культуры и отдыха,парк
174,55.751446,37.522644,Парк Причальный,park,Парк культуры и отдыха,парк
175,55.752846,37.717496,Сквер имени М. И. Калинина,park,Сквер,парк
176,55.683795,37.567491,Сквер имени 200 лет со дня рождения А. С. Пушкина,park,Сквер,парк
177,55.704006,37.536811,Малый газон МГУ,park,Парк культуры и отдыха,парк
178,55.740112,37.609703,Red Summer под открытым небом,park,Парк культуры и отдыха,парк
179,55.743514,37.552395,Платовский сквер,park,Сквер,парк
180,55.743426,37.638162,Духовой оркестр Академии имени Маймонида РГУ имени А. Н. Косыгина,park,Парк культуры и отдыха,парк
181,55.74751,37.534954,Ивент-шоу,park,Парк культуры и отдыха,парк
182,55.657746,37.744629,Замок,park,Парк культуры и отдыха,парк
183,55.716959,37.751055,Гаражный скверик Василиса,park,Сквер,парк
184,55.71731,37.611615,Шуховская башня,landmark,Достопримечательность,памятник
185,55.704748,37.62639,Дом Даниловской слободы,landmark,Достопримечательность,памятник
186,55.712332,37.578263,Смотровая площадка РАН,viewpoint,Смотровая площадка,памятник
187,55.710143,37.620853,Дом-корабль,landmark,Достопримечательность,памятник
188,55.710761,37.631245,Мощи святого Даниила Московского,landmark,Достопримечательность,памятник
189,55.738243,37.67064,Мощи святой Матроны Московской,landmark,Достопримечательность,памятник
190,55.746792,37.61227,Большой Каменный мост,landmark,Достопримечательность,памятник
191,55.733677,37.588117,Лошадь Клоун,monument,Жанровая скульптура,памятник
192,55.747112,37.642709,Высотное здание на Котельнической набережной,landmark,Достопримечательность,памятник
193,55.741178,37.661437,Водная интерактивная площадка,landmark,Достопримечательность,памятник
194,55.711525,37.595438,Дом-коммуна архитектора Николаева,landmark,Достопримечательность,памятник
195,55.7159,37.625381,Александровские казармы,landmark,Достопримечательность,памятник
196,55.701547,37.620345,Ротонда,landmark,Достопримечательность,памятник
197,55.74277,37.610162,Патриарший мост,landmark,Достопримечательность,памятник
198,55.751426,37.618879,Московский кремль,museum,Музей,памятник
199,55.748914,37.612587,Боровицкая башня,landmark,Достопримечательность,памятник
200,55.732829,37.61298,Дом купца Игумнова,landmark,Достопримечательность,памятник
201,55.746106,37.584451,Здание МИД России,landmark,Достопримечательность,памятник
202,55.713439,37.654818,Башня Дуло,landmark,Достопримечательность,памятник
203,55.669322,37.665779,Спасские ворота,landmark,Достопримечательность,памятник
204,55.751258,37.565462,Гостиница Украина,landmark,Достопримечательность,памятник
205,55.727161,37.658776,Крутицкий казённый приказ,landmark,Достопримечательность,памятник
206,55.710866,37.560024,Лужнецкий метромост,landmark,Достопримечательность,памятник
207,55.744331,37.611986,Дом на набережной,landmark,Достопримечательность,памятник
208,55.752565,37.612824,Кутафья башня,landmark,Достопримечательность,памятник
209,55.749435,37.629417,Парящий мост,landmark,Достопримечательность,памятник
210,55.736786,37.519997,Триумфальная арка,landmark,Достопримечательность,памятник
211,55.749496,37.632511,Москворецкая набережная,landmark,Достопримечательность,памятник
212,55.70305,37.531014,Главное здание МГУ имени М.В. Ломоносова,landmark,Достопримечательность,памятник
213,55.721612,37.644957,Мотоквартал,landmark,Достопримечательность,памятник
214,55.663511,37.654608,Рижский сад,landmark,Достопримечательность,памятник
215,55.751014,37.609226,Государственная библиотека СССР имени В.И. Ленина,landmark,Достопримечательность,памятник
216,55.690797,37.561547,Государственный Дарвиновский музей,museum,Музей,памятник
217,55.731407,37.603417,Арка главного входа,landmark,Достопримечательность,памятник
218,55.71539,37.603885,Первая башня восточной стены,landmark,Достопримечательность,памятник
219,55.752278,37.621667,Царская башня,landmark,Достопримечательность,памятник
220,55.716158,37.585912,Беседка-ротонда в честь 800-летия Москвы,landmark,Достопримечательность,памятник
221,55.748118,37.613695,Водовзводная башня,landmark,Достопримечательность,памятник
222,55.748969,37.601686,"Наркомвоенмор, 1934-38 гг., архитектор Л. В Руднев",landmark,Достопримечательность,памятник
223,55.744421,37.618484,Мост Лужков,landmark,Достопримечательность,памятник
224,55.732407,37.567279,Погодинская изба,landmark,Достопримечательность,памятник
225,55.749774,37.608494,Дом Пашкова,library,Библиотека,памятник
226,55.74071,37.598107,Особняк Кекушевой,landmark,Достопримечательность,памятник
227,55.740701,37.627352,Храм священномученика Климента Папы Римского Русской православной церкви,orthodox church,Православный храм,памятник
228,55.719827,37.576094,Старый тополь,landmark,Достопримечательность,памятник
229,55.700561,37.549944,Мамонов овраг,landmark,Достопримечательность,памятник
230,55.742556,37.60605,Доходный дом З.А. Перцовой,landmark,Достопримечательность,памятник
231,55.732246,37.508362,Поклонная гора,landmark,Природа,памятник
232,55.727761,37.658523,Крутицкий терем,landmark,Достопримечательность,памятник
233,55.727124,37.55617,Стена Новодевичего монастыря,landmark,Достопримечательность,памятник
234,55.752539,37.621353,Спасская башня,museum,Музей,памятник
235,55.710546,37.629011,Георгиевская башня,landmark,Достопримечательность,памятник
236,55.711455,37.629262,Нагорная башня,landmark,Достопримечательность,памятник
237,55.742751,37.612732,ГЭС-2,landmark,Достопримечательность,памятник
238,55.709578,37.605278,Дача А. Г. Орлова Голубятня,landmark,Достопримечательность,памятник
239,55.734774,37.617906,Дом-теремок,landmark,Достопримечательность,памятник
240,55.679299,37.5851,"Усадьба Черёмушки-Знаменское, конный двор",landmark,Достопримечательность,памятник
241,55.710665,37.627384,Патриаршая башня,landmark,Достопримечательность,памятник
242,55.749318,37.61792,Тайницкая башня,landmark,Достопримечательность,памятник
243,55.737393,37.631879,Дом Шурика,landmark,Достопримечательность,памятник
244,55.667072,37.66813,600-летний дуб,landmark,Достопримечательность,памятник
245,55.751224,37.622431,Константино-Еленинская башня,landmark,Достопримечательность,памятник
246,55.737959,37.577833,Военная академия имени М.В. Фрунзе,landmark,Достопримечательность,памятник
247,55.727177,37.556627,Надпрудная башня,landmark,Достопримечательность,памятник
248,55.65588,37.665093,Дьяково городище,landmark,Достопримечательность,памятник
249,55.717323,37.643939,Водоёмная башня,landmark,Достопримечательность,памятник
250,55.752221,37.614503,Троицкая башня,landmark,Достопримечательность,памятник
251,55.671936,37.680982,Соколиный двор,landmark,Достопримечательность,памятник
252,55.667397,37.662423,Аптекарский огород,landmark,Достопримечательность,памятник
253,55.749588,37.535299,Московский международный деловой центр Москва-Сити,landmark,Достопримечательность,памятник
254,55.715445,37.587955,Аллея влюблённых,landmark,Достопримечательность,памятник
255,55.663043,37.662743,Девичий камень,landmark,Достопримечательность,памятник
256,55.723244,37.514079,Круглый дом на Довженко,landmark,Достопримечательность,памятник
257,55.747515,37.576728,Жилой дом Министерства геологии,landmark,Достопримечательность,памятник
258,55.741451,37.592917,Доходный дом И.П. Исакова,landmark,Достопримечательность,памятник
259,55.724482,37.595839,Китайский мостик,landmark,Достопримечательность,памятник
260,55.72326,37.600606,Голицынская больница,landmark,Достопримечательность,памятник
261,55.731718,37.655309,Западная башня,landmark,Достопримечательность,памятник
262,55.751121,37.627996,Хвойный лес,landmark,Достопримечательность,памятник
263,55.739467,37.721545,Гараж Госплана,landmark,Достопримечательность,памятник
264,55.70199,37.591668,Вокзал исторической станции Канатчиково,landmark,Достопримечательность,памятник
265,55.719367,37.587957,Летний домик А.Г. Орлова в Нескучном саду,landmark,Достопримечательность,памятник
266,55.742393,37.64166,Кригскомиссариат,landmark,Достопримечательность,памятник
267,55.713503,37.658427,Солевая круглая башня,landmark,Достопримечательность,памятник
268,55.732741,37.657278,Северо-восточная башня,landmark,Достопримечательность,памятник
269,55.71103,37.631952,Новоданиловская башня,landmark,Достопримечательность,памятник
270,55.71488,37.599794,Вторая башня западной стены,landmark,Достопримечательность,памятник
271,55.738774,37.577184,Жилой дом Г.А. Палибина,landmark,Достопримечательность,памятник
272,55.695615,37.630071,Здание диспетчерской железнодорожной станции Западная,landmark,Достопримечательность,памятник
273,55.720738,37.60603,Памятник архитектуры Дом купчихи А.П. Мельниковой,landmark,Достопримечательность,памятник
274,55.749125,37.590872,Стена Цоя,landmark,"Декоративный объект, доска почёта",памятник
275,55.751835,37.62195,Набатная башня,landmark,Достопримечательность,памятник
276,55.745225,37.575296,Колоннада,landmark,Достопримечательность,памятник
277,55.750729,37.58834,Резиденция посла Соединённых Штатов Америки,landmark,Достопримечательность,памятник
278,55.731651,37.599809,Ажурная беседка,landmark,Достопримечательность,памятник
279,55.751652,37.632663,Китайгородская стена,landmark,Достопримечательность,памятник
280,55.714476,37.602244,Мощи святого патриарха Тихона,landmark,Достопримечательность,памятник
281,55.711201,37.630199,Больничный корпус,landmark,Достопримечательность,памятник
282,55.682178,37.609623,Семейный камень,landmark,Достопримечательность,памятник
283,55.749956,37.615812,Большой Кремлёвский дворец,landmark,Достопримечательность,памятник
284,55.73863,37.591309,Особняк Дерожинской,landmark,Достопримечательность,памятник
285,55.743839,37.593424,Особняк М.Ф. Якунчиковой,landmark,Достопримечательность,памятник
286,55.752826,37.607262,Усадьба Н.П. Шереметева,landmark,Достопримечательность,памятник
287,55.711406,37.627432,Синодальная башня,landmark,Достопримечательность,памятник
288,55.738478,37.66736,Я люблю Москву,landmark,Достопримечательность,памятник
289,55.720605,37.593499,Александринский дворец,museum,Музей,памятник
290,55.750789,37.618453,Царь-колокол,monument,Жанровая скульптура,памятник
291,55.741662,37.606523,Особняк Цветкова,landmark,Достопримечательность,памятник
292,55.752537,37.656556,Усадьба Усачёвых-Найдёновых,landmark,Достопримечательность,памятник
293,55.752292,37.642889,Дом-утюг,landmark,Достопримечательность,памятник
294,55.745925,37.604046,Кремлёвская АЗС на Волхонке,landmark,Достопримечательность,памятник
295,55.750314,37.626128,Прибрежный лес,landmark,Достопримечательность,памятник
296,55.73991,37.704389,Иордань,landmark,Достопримечательность,памятник
297,55.716542,37.689955,Вагон Ужд,landmark,Достопримечательность,памятник
298,55.724503,37.594588,Розарий с фонтаном,landmark,Достопримечательность,памятник
299,55.743604,37.594966,Особняк Н.И. Миндовского,landmark,Достопримечательность,памятник
300,55.749462,37.612815,Оружейная башня,landmark,Достопримечательность,памятник
301,55.703796,37.554279,Пионерская радиорубка,landmark,Достопримечательность,памятник
302,55.742005,37.649945,Усадьба А.И. Зимина,landmark,Достопримечательность,памятник
303,55.751881,37.655385,Дом с аркой,landmark,Достопримечательность,памятник
304,55.744295,37.588687,Дом с писателями-классиками,landmark,Достопримечательность,памятник
305,55.726338,37.595693,"Здание общественного туалета 1930-х гг, арх. А.В. Власов",landmark,Достопримечательность,памятник
306,55.748698,37.615248,Благовещенская башня,landmark,Достопримечательность,памятник
307,55.714904,37.621872,Москворецкий мосторг,landmark,Достопримечательность,памятник
308,55.747579,37.601938,Особняк Д.В. Давыдова,landmark,Достопримечательность,памятник
309,55.752362,37.613662,Троицкий мост,landmark,Достопримечательность,памятник
310,55.749747,37.623296,Беклемишевская башня,landmark,Достопримечательность,памятник
311,55.673874,37.669745,Усадьба Гробовых,landmark,Достопримечательность,памятник
312,55.746243,37.600711,Дом-коммуна на Гоголевском Бульваре,landmark,Достопримечательность,памятник
313,55.714573,37.65725,Обсерватория,landmark,Достопримечательность,памятник
314,55.725989,37.621769,Городская усадьба П.П. Игнатьевой – Н.А. Белкина,landmark,Достопримечательность,памятник
315,55.752203,37.60724,Скульптурный дворик,landmark,Достопримечательность,памятник
316,55.753035,37.665824,Сплетение трамвайных путей,landmark,Достопримечательность,памятник
317,55.742369,37.657748,Историческая адресная табличка,landmark,Достопримечательность,памятник
318,55.743852,37.56734,Копия входа на станцию парижского метро,landmark,Достопримечательность,памятник
319,55.656789,37.53334,Долговременная огневая точка,landmark,Достопримечательность,памятник
320,55.703816,37.531069,Колонна,landmark,Достопримечательность,памятник
321,55.730242,37.538608,Крепость каскадёров,landmark,Достопримечательность,памятник
322,55.752699,37.645318,Жилой дом РККА,landmark,Достопримечательность,памятник
323,55.681918,37.757325,Галерея Люблинцев - Героев Советского Союза,landmark,Достопримечательность,памятник
324,55.748311,37.631188,Отметка уровня воды в наводнение 1908 года,landmark,Достопримечательность,памятник
325,55.744236,37.63956,Жилой дом электродного завода,landmark,Достопримечательность,памятник
326,55.723363,37.636069,Дом купца Круглова,landmark,Достопримечательность,памятник
327,55.740852,37.598316,Доходный дом Кекушевой,landmark,Достопримечательность,памятник
328,55.74508,37.599112,Дом Нащокина,landmark,Достопримечательность,памятник
329,55.749481,37.618997,Первая Безымянная башня,landmark,Достопримечательность,памятник
330,55.751038,37.631235,Стеклянная кора,landmark,Достопримечательность,памятник
331,55.668286,37.66479,Усадьба пасечника,landmark,Достопримечательность,памятник
332,55.658877,37.580266,Храм святых благоверных князей Бориса и Глеба в Зюзине,orthodox church,Православный храм,памятник
333,55.725722,37.557433,Колокольня,landmark,Достопримечательность,памятник
334,55.729672,37.584011,Хамовнические казармы,landmark,Достопримечательность,памятник
335,55.750173,37.643977,Усадьба А.Н. Гончарова,landmark,Достопримечательность,памятник
336,55.745673,37.575436,Колоннада,landmark,Достопримечательность,памятник
337,55.677698,37.58694,"Усадьба Черёмушки-Знаменское, Господский дом",landmark,Достопримечательность,памятник
338,55.751651,37.618933,Фундамент Чудова монастыря,landmark,Достопримечательность,памятник
339,55.737415,37.622345,Голгофа,landmark,Достопримечательность,памятник
340,55.723801,37.632188,Дом Тарковских,landmark,Достопримечательность,памятник
341,55.738794,37.594862,Городская усадьба П.Д. Еропкина,landmark,Достопримечательность,памятник
342,55.739751,37.584612,Колоннада,landmark,Достопримечательность,памятник
343,55.662989,37.662195,Гусь-камень,landmark,Достопримечательность,памятник
344,55.673088,37.678585,Башня Братского острога,landmark,Достопримечательность,памятник
345,55.672131,37.680211,Мельница на реке Жужа,landmark,Достопримечательность,памятник
346,55.678332,37.586168,"Усадьба Черёмушки-Знаменское, Пилонные ворота",landmark,Достопримечательность,памятник
347,55.725928,37.558099,Иосафовская башня,landmark,Достопримечательность,памятник
348,55.725673,37.630717,Александровская больница,landmark,Достопримечательность,памятник
349,55.718331,37.591947,Памятник архитектуры,landmark,Достопримечательность,памятник
350,55.731358,37.658106,Юго-восточная башня,landmark,Достопримечательность,памятник
351,55.738702,37.587074,Доходный дом Лихутина,landmark,Достопримечательность,памятник
352,55.703434,37.609557,Усыпальница,landmark,Достопримечательность,памятник
353,55.733939,37.689765,Амфитеатр,landmark,Достопримечательность,памятник
354,55.725291,37.594061,Ротонда,landmark,Достопримечательность,памятник
355,55.731303,37.54539,Вокзал исторического полустанка Потылиха,landmark,Достопримечательность,памятник
356,55.73489,37.587034,Усадьба Всеволожских,landmark,Достопримечательность,памятник
357,55.748135,37.600538,Городская усадьба Е.И. Васильчиковой - С.А. Оболенского - Н.Ф. фон Мекк,landmark,Достопримечательность,памятник
358,55.732238,37.58136,Доходный дом А.А. Пантелеева,landmark,Достопримечательность,памятник
359,55.676407,37.585732,"Усадьба Черёмушки-Знаменское, Арочный мостик",landmark,Достопримечательность,памятник
360,55.744693,37.622828,Московские переулки,travel agency,Экскурсии,памятник
361,55.743486,37.602144,Доходный дом купца Я.М. Филатова,landmark,Достопримечательность,памятник
362,55.668586,37.671438,Дворцовый павильон 1825 года,landmark,Достопримечательность,памятник
363,55.751721,37.626386,Берёзовая роща,landmark,Достопримечательность,памятник
364,55.751226,37.565686,Смотровая площадка гостиницы Украина,viewpoint,Смотровая площадка,памятник
365,55.751088,37.62649,Смешанный лес,landmark,Достопримечательность,памятник
366,55.730576,37.587992,Пожарная каланча,landmark,Достопримечательность,памятник
367,55.749502,37.559786,Паровоз Су215-80,landmark,Достопримечательность,памятник
368,55.750556,37.629256,Степь,landmark,Достопримечательность,памятник
369,55.744559,37.597087,Дом Н.Г. Фалеева,landmark,Достопримечательность,памятник
370,55.743829,37.587206,Доходный дом Бройдо и Бурдакова,landmark,Достопримечательность,памятник
371,55.748355,37.603023,Копия дома Фридриха Энгельса,landmark,Достопримечательность,памятник
372,55.677142,37.586566,"Усадьба Черёмушки-Знаменское, Эрмитаж",landmark,Достопримечательность,памятник
373,55.749593,37.620406,Вторая Безымянная башня,landmark,Достопримечательность,памятник
374,55.741656,37.595093,Главный дом городской усадьбы Давыдова,landmark,Достопримечательность,памятник
375,55.713443,37.517804,Кривое дерево,landmark,Достопримечательность,памятник
376,55.745258,37.645164,Дом Тутолмина,landmark,Достопримечательность,памятник
377,55.749941,37.644505,Колокольня,landmark,Достопримечательность,памятник
378,55.67285,37.691053,Маяк,landmark,Достопримечательность,памятник
379,55.728851,37.604151,Павильон Шестигранник,landmark,Достопримечательность,памятник
380,55.74481,37.627064,Колокольня церкви Иоанна Предтечи,landmark,Достопримечательность,памятник
381,55.724256,37.533087,Яблоневый сад Александра Довженко,landmark,Достопримечательность,памятник
382,55.753142,37.646665,Особняк Н.Д. Телешова,landmark,Достопримечательность,памятник
383,55.7497,37.622112,Петровская башня,landmark,Достопримечательность,памятник
384,55.667612,37.667995,Челобитный столб,landmark,Достопримечательность,памятник
385,55.743904,37.600003,Белые палаты,landmark,Достопримечательность,памятник
386,55.718037,37.591598,Служебный корпус Александринского дворца,landmark,Достопримечательность,памятник
387,55.727754,37.65821,Дворец митрополитов Крутицких,landmark,Достопримечательность,памятник
388,55.748991,37.543124,Площадь Сити,landmark,Достопримечательность,памятник
389,55.726861,37.557314,Палаты царицы Евдокии Лопухиной,landmark,Достопримечательность,памятник
390,55.748773,37.605972,Доходный дом братьев Стуловых,landmark,Достопримечательность,памятник
391,55.727923,37.658812,Успенские переходы,landmark,Достопримечательность,памятник
392,55.722273,37.687918,"АЗЛК, автосборочный корпус",landmark,Достопримечательность,памятник
393,55.679029,37.585227,"Усадьба Черёмушки-Знаменское, Юго-Западная башня экономии",landmark,Достопримечательность,памятник
394,55.746747,37.603148,Городская усадьба Лопухиных,landmark,Достопримечательность,памятник
395,55.705578,37.554976,Пропилеи,landmark,Достопримечательность,памятник
396,55.736908,37.588931,Дом дворцового ведомства,landmark,Достопримечательность,памятник
397,55.737,37.574674,Особняк Снегирёва,landmark,Достопримечательность,памятник
398,55.732555,37.589177,Палаты Хамовного двора,landmark,Достопримечательность,памятник
399,55.720381,37.563103,Вокзал исторической станции Воробьёвы Горы,landmark,Достопримечательность,памятник
400,55.672059,37.679579,Голландский домик Петра I,landmark,Достопримечательность,памятник
401,55.746932,37.664916,Палаты Птицына,landmark,Достопримечательность,памятник
402,55.750942,37.616843,Собор Успения Пресвятой Богородицы в Московском Кремле,museum,Музей,памятник
403,55.673927,37.67749,Башня Николо-Корельского монастыря,landmark,Достопримечательность,памятник
404,55.744172,37.639117,Городская усадьба Иконниковых - Бажанова,landmark,Достопримечательность,памятник
405,55.665992,37.54059,Горбатый каменный мост,landmark,Достопримечательность,памятник
406,55.752445,37.640295,Доходный дом Расторгуевых,landmark,Достопримечательность,памятник
407,55.684974,37.585621,Дом-пирамида,landmark,Достопримечательность,памятник
408,55.728009,37.506293,Разрушенный мост,landmark,Достопримечательность,памятник
409,55.728438,37.649463,Палаты XVII-XVIII веков,landmark,Достопримечательность,памятник
410,55.752039,37.62917,Северные ландшафты,landmark,Достопримечательность,памятник
411,55.728946,37.656603,Ансамбль строений главной насосной станции,landmark,Достопримечательность,памятник
412,55.7247,37.593623,Сила комондора,landmark,Достопримечательность,памятник
413,55.733003,37.604462,Скульптура Торжество труда: мир земле,monument,"Памятник, мемориал",памятник
414,55.700254,37.651225,Вокзал исторической станции Кожухово,landmark,Достопримечательность,памятник
415,55.665834,37.540359,Южная башня,landmark,Достопримечательность,памятник
416,55.745647,37.601284,Российский фонд культуры,government,Общественный фонд,памятник
417,55.694453,37.660106,Батискаф,landmark,Достопримечательность,памятник
418,55.722696,37.638073,Усадьба Ф.А. Ардалионова,landmark,Достопримечательность,памятник
419,55.715955,37.603711,Северо-Восточная башня,landmark,Достопримечательность,памятник
420,55.746382,37.648722,Главный дом усадьбы Баташёва-Шепелёва-Голицыной,landmark,Достопримечательность,памятник
421,55.723218,37.527908,Дом на Мосфильмовской,landmark,Достопримечательность,памятник
422,55.745431,37.664829,Усадьба Морозова,landmark,Достопримечательность,памятник
423,55.740599,37.600001,Усадьба Бухвостовых,landmark,Достопримечательность,памятник
424,55.750644,37.643911,Особняк и доходный дом Филипповых,landmark,Достопримечательность,памятник
425,55.71888,37.659837,Место снесенной крепости-звезды,landmark,Достопримечательность,памятник
426,55.750533,37.613534,Комендантская башня,landmark,Достопримечательность,памятник
427,55.749263,37.636267,Императорский воспитательный дом,landmark,Достопримечательность,памятник
428,55.752366,37.644959,Усадьба Хитрово,landmark,Достопримечательность,памятник
429,55.742956,37.628581,Городская усадьба Великолеповых,landmark,Достопримечательность,памятник
430,55.717616,37.590751,Памятник архитектуры,landmark,Достопримечательность,памятник
431,55.718267,37.588312,Ванный домик,landmark,Достопримечательность,памятник
432,55.668139,37.669468,Медоварня,landmark,Достопримечательность,памятник
433,55.719184,37.63024,Завод Михельсона,landmark,Достопримечательность,памятник
434,55.716497,37.62335,Кинотеатр Правда,landmark,Достопримечательность,памятник
435,55.731654,37.572879,Клиника детских болезней имени М.А. Хлудова,landmark,Достопримечательность,памятник
436,55.731129,37.656317,Юго-западная башня,landmark,Достопримечательность,памятник
437,55.74749,37.616596,Историческая адресная табличка,landmark,Достопримечательность,памятник
438,55.726435,37.558707,Никольская башня,landmark,Достопримечательность,памятник
439,55.718339,37.593622,Памятник архитектуры,landmark,Достопримечательность,памятник
440,55.727134,37.595573,Ротонда,landmark,Достопримечательность,памятник
441,55.751289,37.658765,Кусок Берлинской Стены,monument,Жанровая скульптура,памятник
442,55.718251,37.61027,Церковь Варвары Великомученицы при Варваринском сиротском доме Лобковых,landmark,Достопримечательность,памятник
443,55.724888,37.556962,Чеботарная башня,landmark,Достопримечательность,памятник
444,55.736745,37.538238,Вокзал станции Кутузово Московской Окружной железной дороги,landmark,Достопримечательность,памятник
445,55.666856,37.669974,Водовзводная башня,landmark,Достопримечательность,памятник
446,55.736563,37.628662,Доходный дом К.В. Исаева,landmark,Достопримечательность,памятник
447,55.74903,37.590512,Главный дом городской усадьбы В.А. Хованского,landmark,Достопримечательность,памятник
448,55.72089,37.630104,Достопримечательность,landmark,Достопримечательность,памятник
449,55.751234,37.641136,Главный дом усадьбы Нарышкина,landmark,Достопримечательность,памятник
450,55.753197,37.623355,Средние торговые ряды,landmark,Достопримечательность,памятник
451,55.738306,37.671118,Колокольня,landmark,Достопримечательность,памятник
452,55.750509,37.602974,Александровское военное училище,landmark,Достопримечательность,памятник
453,55.739232,37.700303,Ворота,landmark,Достопримечательность,памятник
454,55.750154,37.588259,Усадьба Щепочкиной-Львова,landmark,Достопримечательность,памятник
455,55.738857,37.576516,Доходный дом А.Л. Баумгартена,landmark,Достопримечательность,памятник
456,55.753145,37.655702,Жилой дом работников Министерства государственной безопасности СССР,landmark,Достопримечательность,памятник
457,55.735852,37.608092,Зал белокаменной скульптуры,landmark,Достопримечательность,памятник
458,55.718558,37.61178,Варваринский сиротский приют,landmark,Достопримечательность,памятник
459,55.74251,37.594088,Колокола,landmark,Достопримечательность,памятник
460,55.753193,37.675135,Дача Строгановых на Яузе,landmark,Достопримечательность,памятник
461,55.744859,37.595143,Историческая вывеска булочной,landmark,Достопримечательность,памятник
462,55.730875,37.538437,Башня,landmark,Достопримечательность,памятник
463,55.752604,37.627781,Колокольня Знаменского монастыря,landmark,Достопримечательность,памятник
464,55.744798,37.646502,Городская усадьба Клаповских,landmark,Достопримечательность,памятник
465,55.67908,37.584223,"Усадьба Черёмушки-Знаменское, Манеж",landmark,Достопримечательность,памятник
466,55.746106,37.602848,Первая московская мужская гимназия,landmark,Достопримечательность,памятник
467,55.664786,37.603236,Колокольня церкви Евфросинии Московской,landmark,Достопримечательность,памятник
468,55.666163,37.54041,Северная башня,landmark,Достопримечательность,памятник
469,55.744861,37.630295,Особняк Л. Я. Гельтищевой,fallback services,Изготовление памятников и надгробий,памятник
470,55.750514,37.616785,"Музеи Московского Кремля, Грановитая палата",museum,Музей,памятник
471,55.667585,37.669381,Передние ворота,museum,Музей,памятник
472,55.678126,37.73143,Паровоз-памятник Л-1754,landmark,Достопримечательность,памятник
473,55.751153,37.629493,Большой луг,landmark,Достопримечательность,памятник
474,55.746054,37.602258,Городская усадьба Дологоруких,landmark,Достопримечательность,памятник
475,55.751281,37.616561,Список кавалеров ордена Победа,landmark,Достопримечательность,памятник
476,55.750674,37.615693,Теремной дворец,museum,Музей,памятник
477,55.726243,37.554418,Часовня-мавзолей Волконских,landmark,Достопримечательность,памятник
478,55.719636,37.605825,Палаты Кушашниковых,landmark,Достопримечательность,памятник
479,55.742399,37.532879,Пост централизации станции Кутузово,landmark,Достопримечательность,памятник
480,55.701597,37.556523,Парашютная вышка,landmark,Достопримечательность,памятник
481,55.688024,37.742497,Музей-усадьба Люблино,museum,Музей,памятник
482,55.676963,37.585368,"Усадьба Черёмушки-Знаменское, дом с колоннадой",landmark,Достопримечательность,памятник
483,55.710774,37.653514,Памятная доска ветеранов ВОВ,landmark,Достопримечательность,памятник
484,55.75071,37.618228,Колокольня Ивана Великого,museum,Музей,памятник
485,55.730053,37.589162,Дом И.Т. Тамеса,landmark,Достопримечательность,памятник
486,55.71361,37.65754,Старая трапезная Симонова монастыря,landmark,Достопримечательность,памятник
487,55.747205,37.602111,Доходный дом Н.П. Петрово-Соловово,landmark,Достопримечательность,памятник
488,55.748926,37.603991,Главный дом городской усадьбы Трубецких - Щукиных,landmark,Достопримечательность,памятник
489,55.737575,37.58583,Флигель городской усадьбы начала XIX века,landmark,Достопримечательность,памятник
490,55.679513,37.58466,"Усадьба Черёмушки-Знаменское, Северо-Западная башня экономии",landmark,Достопримечательность,памятник
491,55.7512,37.616882,Патриаршие палаты,museum,Музей,памятник
492,55.753154,37.641537,Колокольня церкви Николая в Подкопаеве,landmark,Достопримечательность,памятник
493,55.713513,37.657035,Стены и башни Симонова монастыря,landmark,Достопримечательность,памятник
494,55.713512,37.65652,Кузнечная башня,landmark,Достопримечательность,памятник
495,55.676507,37.587801,"Усадьба Черёмушки-Знаменское, коттедж академика Алиханова",landmark,Достопримечательность,памятник
496,55.678251,37.565988,Фрагмент пулемётного ДОТа с памятной табличкой и мемориалом,landmark,Достопримечательность,памятник
497,55.747794,37.66366,Городская усадьба XIX века,landmark,Достопримечательность,памятник
498,55.740882,37.652283,Городская усадьба В.Ф. Колесникова – Саргиных – М.Е. Шапатиной,landmark,Достопримечательность,памятник
499,55.749353,37.600742,Флигель дворца Апраксина,landmark,Достопримечательность,памятник
500,55.749632,37.60759,Манеж усадьбы Пашкова,landmark,Достопримечательность,памятник
501,55.688007,37.743889,Театральная школа,landmark,Достопримечательность,памятник
502,55.714168,37.604352,Вторая башня восточной стены,landmark,Достопримечательность,памятник
503,55.751337,37.674842,Ткацкий корпус золотоканительной фабрики Алексеевых,landmark,Достопримечательность,памятник
504,55.713617,37.604622,Юго-Восточная башня Донского монастыря,landmark,Достопримечательность,памятник
505,55.681818,37.502166,Зелёный лабиринт,landmark,Достопримечательность,памятник
506,55.751996,37.640052,Опекунский совет,landmark,Достопримечательность,памятник
507,55.734285,37.616823,Усадьба Е.Н. Офросимовой-Викторовых-И.А. Воронцова,landmark,Достопримечательность,памятник
508,55.713643,37.600261,Первая башня западной стены,landmark,Достопримечательность,памятник
509,55.679641,37.585012,"Усадьба Черёмушки-Знаменское, Северо-Восточная башня экономии",landmark,Достопримечательность,памятник
510,55.750688,37.588481,Особняк Н.А. Второва,landmark,Достопримечательность,памятник
511,55.734426,37.52802,Надпись Москва - город-герой,landmark,Достопримечательность,памятник
512,55.748,37.58949,Государственный музей Константина и Виктора Мельниковых,museum,Музей,памятник
513,55.750392,37.616185,Золотая царицына палата,museum,Музей,памятник
514,55.713882,37.654945,Казначейские кельи,landmark,Достопримечательность,памятник
515,55.741946,37.72069,Бюст Ивана Ярыгина,landmark,Достопримечательность,памятник
516,55.719382,37.60988,Богадельня московского дворянства им. С.Д. Нечаева,landmark,Достопримечательность,памятник
517,55.734112,37.636512,Дом купцов Мусорина-Полежаевых,landmark,Достопримечательность,памятник
518,55.72675,37.55587,Певческие палаты,landmark,Достопримечательность,памятник
519,55.715767,37.60232,Вторая башня северной стены,landmark,Достопримечательность,памятник
520,55.678863,37.584899,"Усадьба Черёмушки-Знаменское, Юго-Западная голубятня",landmark,Достопримечательность,памятник
521,55.681486,37.501607,Беседка,landmark,Достопримечательность,памятник
522,55.73321,37.604075,Торжество труда: наука и искусство,monument,"Памятник, мемориал",памятник
523,55.725827,37.554753,Трапезная и палаты Ирины Годуновой,landmark,Достопримечательность,памятник
524,55.749912,37.606643,Доходный дом Л.В. Шамшиной,landmark,Достопримечательность,памятник
525,55.663174,37.744517,Здание управления Люблинской станции аэрации,landmark,Достопримечательность,памятник
526,55.708719,37.567669,Усадьба Васильевское,landmark,Достопримечательность,памятник
527,55.734857,37.63348,Дом Елизаветы Свешниковой,landmark,Достопримечательность,памятник
528,55.679219,37.585919,"Усадьба Черёмушки-Знаменское, Юго-Восточная голубятня",landmark,Достопримечательность,памятник
529,55.732449,37.655013,Северо-западная башня,landmark,Достопримечательность,памятник
530,55.725194,37.623034,Главный дом городской усадьбы купцов Сушкиных - А.Б. Кеворкова,landmark,Достопримечательность,памятник
531,55.747804,37.565836,Декоративный мостик,landmark,Достопримечательность,памятник
532,55.750933,37.614366,Потешный корпус,landmark,Достопримечательность,памятник
533,55.713077,37.600441,Юго-Западная башня,landmark,Достопримечательность,памятник
534,55.732712,37.626717,Особняк фон Рекк,landmark,Достопримечательность,памятник
535,55.737304,37.595582,Городская усадьба Н.О. Косыревой - Абрикосовых,landmark,Достопримечательность,памятник
536,55.668932,37.66539,Стена и фундаменты Кормового двора,landmark,Достопримечательность,памятник
537,55.687096,37.744672,Конный двор усадьбы Люблино,landmark,Достопримечательность,памятник
538,55.715091,37.602175,Архимандритские покои,landmark,Достопримечательность,памятник
539,55.726101,37.553017,Сетуньская башня,landmark,Достопримечательность,памятник
540,55.713615,37.655465,Сушило,landmark,Достопримечательность,памятник
541,55.751336,37.565222,Диорама Москва — столица СССР,landmark,Достопримечательность,памятник
542,55.750221,37.61894,Археологические раскопки на месте здания приказов,landmark,Достопримечательность,памятник
543,55.739602,37.652684,Земляной вал,landmark,Достопримечательность,памятник
544,55.732739,37.580927,Усадьба архитектора Р.И. Клейна,landmark,Достопримечательность,памятник
545,55.746452,37.647597,Усадьба Беляева,landmark,Достопримечательность,памятник
546,55.747119,37.664377,Городская усадьба Птицына - Залогиной,landmark,Достопримечательность,памятник
547,55.752236,37.619169,Фундамент собора Чудова монастыря,landmark,Достопримечательность,памятник
548,55.7508,37.60497,Главный дом городской усадьбы Бутурлиных,landmark,Достопримечательность,памятник
549,55.752507,37.643283,Дом Румянцева,landmark,Достопримечательность,памятник
550,55.747722,37.599171,Доходный дом Бочаровых,landmark,Достопримечательность,памятник
551,55.752434,37.62028,Археологическое окно с фундаментом собора Вознесенского монастыря,landmark,Достопримечательность,памятник
552,55.715414,37.599636,Стена Донского монастыря,landmark,Достопримечательность,памятник
553,55.730953,37.5368,Самолëт,landmark,Достопримечательность,памятник
554,55.739313,37.609353,Московский речной яхт-клуб,landmark,Достопримечательность,памятник
555,55.70771,37.526825,200-летний дуб Георга Франца Гофмана,landmark,Достопримечательность,памятник
556,55.737654,37.595773,Особняк Всеволожского,landmark,Достопримечательность,памятник
557,55.67358,37.677911,Моховая башня Сумского острога,museum,Музей,памятник
558,55.683488,37.502057,Беседка,landmark,Достопримечательность,памятник
559,55.745963,37.647109,Дом Рюминых,landmark,Достопримечательность,памятник
560,55.725411,37.557509,Швальная башня,landmark,Достопримечательность,памятник
561,55.735595,37.592158,Доходный дом Чепелевской,landmark,Достопримечательность,памятник
562,55.747098,37.601541,Городская усадьба Ухановых - Толубовских,landmark,Достопримечательность,памятник
563,55.751668,37.614716,Потешный корпус,museum,Музей,памятник
564,55.746709,37.593381,Ансамбль Городской Усадьбы,landmark,Достопримечательность,памятник
565,55.720704,37.60873,Памятник архитектуры Особняк Г. Симоно,landmark,Достопримечательность,памятник
566,55.752872,37.654042,Евангелическая больница,landmark,Достопримечательность,памятник
567,55.744754,37.584596,Дом Несвицкой,landmark,Достопримечательность,памятник
568,55.745172,37.599709,Городская усадьба П.Ф. Секретарёва,landmark,Достопримечательность,памятник
569,55.750171,37.609841,Городская усадьба Шаховских - Е.А. Красильщиковой,landmark,Достопримечательность,памятник
570,55.743054,37.649585,Особняк Н.С. Андре,landmark,Достопримечательность,памятник
571,55.7102,37.517475,Флаг Китая,landmark,Достопримечательность,памятник
572,55.752184,37.620843,Фундамент церкви святой великомученицы Екатерины Вознесенского монастыря,landmark,Достопримечательность,памятник
573,55.725031,37.632034,Дом попечительства,landmark,Достопримечательность,памятник
574,55.672732,37.75691,Двухэтажная хрущёвка,landmark,Достопримечательность,памятник
575,55.735465,37.633061,Особняк К.П. Бахрушина,landmark,Достопримечательность,памятник
576,55.744156,37.646671,Городская усадьба Шапкиных - В.П. Щукина - М.Ф. Михайлова,landmark,Достопримечательность,памятник
577,55.732161,37.634604,Особняк П.А. Бачуриной – И.Е. Смирнова,landmark,Достопримечательность,памятник
578,55.752064,37.591071,Дома-книжки,landmark,Достопримечательность,памятник
579,55.751533,37.619306,Фундамент Малого Николаевского дворца,landmark,Достопримечательность,памятник
580,55.6885,37.743062,Главный дом усадьбы Н.А. Дурасова,museum,Музей,памятник
581,55.72902,37.541177,Московский экспериментальный завод душистых веществ,landmark,Достопримечательность,памятник
582,55.730438,37.622551,Доходный дом Н.С. Воробьёва,landmark,Достопримечательность,памятник
583,55.732311,37.625698,Доходный дом А.А. Дурилина,landmark,Достопримечательность,памятник
584,55.727079,37.556468,Палаты царевны Софьи,landmark,Достопримечательность,памятник
585,55.712173,37.575276,Андреевская богадельня,landmark,Достопримечательность,памятник
586,55.727758,37.657742,Набережные палаты,landmark,Достопримечательность,памятник
587,55.747666,37.62708,Колокольня,landmark,Достопримечательность,памятник
588,55.743833,37.601026,Красные палаты,landmark,Достопримечательность,памятник
589,55.732149,37.624499,"Городская усадьба Д.Ф. Новикова - А.Н. Давыдова, XIX в.",landmark,Достопримечательность,памятник
590,55.738612,37.593254,Доходный дом Мелетиных,landmark,Достопримечательность,памятник
591,55.751651,37.605445,Жилой дом кооператива Московский почтовик,landmark,Достопримечательность,памятник
592,55.728301,37.506607,Огнемётная точка,landmark,Достопримечательность,памятник
593,55.73089,37.547736,Клуб союза химиков Дорогомиловского химического завода имени М.В. Фрунзе,landmark,Достопримечательность,памятник
594,55.752793,37.608283,Кремлёвская больница,landmark,Достопримечательность,памятник
595,55.750579,37.602446,Дом Апраксиных,landmark,Достопримечательность,памятник
596,55.687581,37.744364,Дом актёров,landmark,Достопримечательность,памятник
597,55.750879,37.596247,Портрет Г.К. Жукова,landmark,Достопримечательность,памятник
598,55.730111,37.514627,Паровоз,landmark,Достопримечательность,памятник
599,55.725317,37.557099,Больничные палаты,landmark,Достопримечательность,памятник
600,55.752251,37.656764,Грот,landmark,Достопримечательность,памятник
601,55.73013,37.625223,Доходный дом с лавками 1856 г.,landmark,Достопримечательность,памятник
602,55.741262,37.660928,Зелёный лабиринт,landmark,Достопримечательность,памятник
603,55.750701,37.614862,Кавалерский корпус,landmark,Достопримечательность,памятник
604,55.738548,37.641699,Старый комиссариат,landmark,Достопримечательность,памятник
605,55.745854,37.626777,Дом П.А. Смирнова,landmark,Достопримечательность,памятник
606,55.747777,37.602765,Городская усадьба Голицыных-Вяземского-Долгоруковых,landmark,Достопримечательность,памятник
607,55.750796,37.560923,Дорогомиловский Камер-Коллежский вал,landmark,Достопримечательность,памятник
608,55.736256,37.583705,Деревянный послепожарный дом управляющего Императорского человеколюбивого общества Григория Илларионовича Виноградова,landmark,Достопримечательность,памятник
609,55.739085,37.641527,Старый комиссариат,landmark,Достопримечательность,памятник
610,55.726603,37.558188,Царицынская башня,landmark,Достопримечательность,памятник
611,55.731005,37.626288,Типография Сытина,landmark,Достопримечательность,памятник
612,55.726712,37.554029,Затрапезная башня,landmark,Достопримечательность,памятник
613,55.733617,37.591527,Доходный дом Е.Н. Свешниковой,landmark,Достопримечательность,памятник
614,55.740611,37.590632,Усадьба Охотниковых,landmark,Достопримечательность,памятник
615,55.736516,37.592904,Ансамбль провиантских складов,landmark,Достопримечательность,памятник
616,55.752384,37.605418,Жилой дом священнослужителей Кремлёвских соборов с кельями Крестовоздвиженского монастыря,landmark,Достопримечательность,памятник
617,55.739647,37.597943,Дом Шаляпина,landmark,Достопримечательность,памятник
618,55.742488,37.595169,Жилой дом А.П. Ермолова,landmark,Достопримечательность,памятник
619,55.747065,37.600259,Городская усадьба Цурикова - Нарышкиных,landmark,Достопримечательность,памятник
620,55.746859,37.663055,Жилой дом Н.П. Баулина,landmark,Достопримечательность,памятник
621,55.729441,37.568448,Ансамбль винных складов его императорского величества,landmark,Достопримечательность,памятник
622,55.750278,37.613529,Конюшенный корпус,landmark,Достопримечательность,памятник
623,55.677919,37.589559,"Усадьба Черёмушки-Знаменское, Китайский павильон",landmark,Достопримечательность,памятник
624,55.721053,37.560896,Буква М,landmark,Достопримечательность,памятник
625,55.677738,37.58531,"Усадьба Черёмушки-Знаменское, детский флигель",landmark,Достопримечательность,памятник
626,55.735006,37.626103,Городская усадьба Шатиловой,landmark,Достопримечательность,памятник
627,55.72548,37.584903,Главный павильон Постоянной всесоюзной строительной выставки,landmark,Достопримечательность,памятник
628,55.746282,37.601042,Дом художников,landmark,Достопримечательность,памятник
629,55.751027,37.685954,Тепловоз ТГМ1-316,landmark,Достопримечательность,памятник
630,55.740027,37.63019,Доходный дом А.Л. Брокша,landmark,Достопримечательность,памятник
631,55.713736,37.686706,Водонапорная башня станции Угрешская,landmark,Достопримечательность,памятник
632,55.729804,37.584994,Церковь Петра и Павла при 3-м гренадерском Перновском полку в Хамовнических казармах,landmark,Достопримечательность,памятник
633,55.744404,37.625661,Доходный дом И.Ф. Нейштадта,landmark,Достопримечательность,памятник
634,55.677716,37.588985,"Усадьба Черёмушки-Знаменское, Павильон Миловида",landmark,Достопримечательность,памятник
635,55.731644,37.577389,Анатомический театр при Московских высших женских курсах,landmark,Достопримечательность,памятник
636,55.752972,37.651583,Институт мозга,landmark,Достопримечательность,памятник
637,55.73545,37.59528,Московский лицей цесаревича Николая,landmark,Достопримечательность,памятник
638,55.721703,37.756144,Бункер,landmark,Достопримечательность,памятник
639,55.748586,37.601989,Особняк А.В. Бурышкина,landmark,Достопримечательность,памятник
640,55.679192,37.585605,"Усадьба Черёмушки-Знаменское, Юго-Восточная башня экономии",landmark,Достопримечательность,памятник
641,55.740004,37.590116,Жилой дом сотрудников милиции,landmark,Достопримечательность,памятник
642,55.75091,37.606747,Главный дом усадьбы Аладьиных - Голицыных,museum,Музей,памятник
643,55.740032,37.612148,Здание Голутвинской мануфактуры,landmark,Достопримечательность,памятник
644,55.73737,37.627826,Дом Н.С. Брашнина,landmark,Достопримечательность,памятник
645,55.748173,37.622413,Кокоревское подворье,landmark,Достопримечательность,памятник
646,55.751496,37.686947,Паровоз 9П-140,landmark,Достопримечательность,памятник
647,55.748348,37.605008,Доходный дом К.К. Мазинга,landmark,Достопримечательность,памятник
648,55.739403,37.58878,Усадьба Самсонова-Голубевых,landmark,Достопримечательность,памятник
649,55.744359,37.638254,Городская усадьба Иконниковых - Н.А. Аваева,landmark,Достопримечательность,памятник
650,55.73677,37.585661,Усадьба Ивановой-Попова,landmark,Достопримечательность,памятник
651,55.742198,37.606517,Особняк А.А. Левенсона,landmark,Достопримечательность,памятник
652,55.725811,37.504704,Город-герой Москва,landmark,Достопримечательность,памятник
653,55.752239,37.626921,Палаты Старого Английского двора,fallback services,Изготовление памятников и надгробий,памятник
654,55.746361,37.6045,Усадьба князей Голицыных,museum,Музей,памятник
655,55.743519,37.597746,Усадьба Хрущёвых-Селезнёвых,landmark,Достопримечательность,памятник
656,55.744283,37.610276,Усадьба думного дьяка Аверкия Кириллова,landmark,Достопримечательность,памятник
657,55.742467,37.591686,Усадьба Афросимовых,landmark,Достопримечательность,памятник
658,55.739843,37.595139,Доходный дом П. В. Лоськова,landmark,Достопримечательность,памятник
659,55.741239,37.65129,Усадьба Н.Е. Зельина - В.А. Бессоновой,landmark,Достопримечательность,памятник
660,55.737462,37.59474,Доходный дом М.В. Голубицкой,landmark,Достопримечательность,памятник
661,55.743319,37.598254,Главный дом городской усадьбы Всеволожского,landmark,Достопримечательность,памятник
662,55.743755,37.594101,Особняк К.А. Гутхейля,landmark,Достопримечательность,памятник
663,55.683811,37.567444,Беседка,landmark,Достопримечательность,памятник
664,55.747778,37.598157,"Доходный дом 1908 год, архитектор К.Ф. Буров",landmark,Достопримечательность,памятник
665,55.742346,37.595634,Историческая вывеска булочной,landmark,Достопримечательность,памятник
666,55.742757,37.646015,Дом Инжкоопстроя Наркомлегпрома,landmark,Достопримечательность,памятник
667,55.746416,37.644339,Городская усадьба Б.К. Мильгаузена,landmark,Достопримечательность,памятник
668,55.741074,37.598839,Доходный дом В. И. Грязнова,landmark,Достопримечательность,памятник
669,55.74623,37.62184,Дом Матвеевых,landmark,Достопримечательность,памятник
670,55.747556,37.610559,Палаты Зотова,landmark,Достопримечательность,памятник
671,55.747747,37.61018,Доходный дом Солодовникова,landmark,Достопримечательность,памятник
672,55.746985,37.598415,Доходный дом Шервуд - Верной,landmark,Достопримечательность,памятник
673,55.725145,37.556193,Покровская башня,landmark,Достопримечательность,памятник
674,55.751614,37.647044,Главный дом городской усадьбы М.Г. Спиридова – Ф.К. Рюхардт – лечебница О.Г. фон Шиман,landmark,Достопримечательность,памятник
675,55.745618,37.665761,Усадьба Алексеевых,landmark,Достопримечательность,памятник
676,55.7126,37.541653,Гимнастика для ума,landmark,Достопримечательность,памятник
677,55.752994,37.628684,Торговый дом Морозова,landmark,Достопримечательность,памятник
678,55.740631,37.578636,Доходный дом Г.В. Петрова,landmark,Достопримечательность,памятник
679,55.727047,37.555226,Саввинская башня,landmark,Достопримечательность,памятник
680,55.746933,37.586905,Садовый павильон усадьбы Лопатиных,landmark,Достопримечательность,памятник
681,55.752993,37.651511,Главный дом усадьбы Г.М. фон Вогау,landmark,Достопримечательность,памятник
682,55.711161,37.534056,Четыре Дерева,landmark,Достопримечательность,памятник
683,55.686977,37.507048,Мост через реку Раменка,landmark,Достопримечательность,памятник
684,55.697044,37.624695,МФК Новоданиловская 8,office service,Жилой комплекс,жилой комплекс
685,55.698017,37.635941,ЖК Зиларт,office service,Жилой комплекс,жилой комплекс
686,55.700474,37.621662,Лофт Даниловская мануфактура,office service,Жилой комплекс,жилой комплекс
687,55.709469,37.623867,Первый. Динамичный. Дом Play,office service,Жилой комплекс,жилой комплекс
688,55.704182,37.614414,Резиденция Loft 17,office service,Жилой комплекс,жилой комплекс
689,55.710239,37.609032,ЖК Донской Олимп,office service,Жилой комплекс,жилой комплекс
690,55.704082,37.613338,Апарт-комплекс Донской квартал,office service,Жилой комплекс,жилой комплекс
691,55.707806,37.655823,Клубный дом Story,office service,Жилой комплекс,жилой комплекс
692,55.700775,37.65041,Квартал Парк Легенд,office service,Жилой комплекс,жилой комплекс
693,55.70433,37.615463,ЖК The Loft Club,office service,Жилой комплекс,жилой комплекс
694,55.690426,37.65506,ЖК Квартал на набережной Now,office service,Жилой комплекс,жилой комплекс
695,55.710491,37.644341,ЖК Резиденции композиторов,office service,Жилой комплекс,жилой комплекс
696,55.722595,37.618485,ЖК Английский Квартал,office service,Жилой комплекс,жилой комплекс
697,55.707909,37.607002,Апарт-комплекс Level Донской,office service,Жилой комплекс,жилой комплекс
698,55.68872,37.655077,Nagatino i-Land,office service,Жилой комплекс,жилой комплекс
699,55.719185,37.636185,ЖК Павелецкая Сити,office service,Жилой комплекс,жилой комплекс
700,55.715996,37.651112,ЖК Foriver,office service,Жилой комплекс,жилой комплекс
701,55.682789,37.697304,Квартал Ривер Парк,office service,Жилой комплекс,жилой комплекс
702,55.710758,37.60532,ЖК Barkli Residence,office service,Жилой комплекс,жилой комплекс
703,55.719082,37.656227,ЖК RiverSky,office service,Жилой комплекс,жилой комплекс
704,55.731644,37.642967,Квартал I’m на Садовом,office service,Жилой комплекс,жилой комплекс
705,55.702129,37.643002,Деловой квартал Парк Легенд,office service,Жилой комплекс,жилой комплекс
706,55.713627,37.612846,ЖК Композиция № 24,office service,Жилой комплекс,жилой комплекс
707,55.709747,37.590649,ЖК Байконур,office service,Жилой комплекс,жилой комплекс
708,55.714226,37.670162,ЖК Дубровская Слобода,office service,Жилой комплекс,жилой комплекс
709,55.723026,37.612797,ЖК Созвездие Капитал-1,office service,Жилой комплекс,жилой комплекс
710,55.690281,37.657883,Апарт-комплекс ТехноПарк,office service,Жилой комплекс,жилой комплекс
711,55.709282,37.618057,ЖК Данилов дом,office service,Жилой комплекс,жилой комплекс
712,55.721516,37.57032,Квартал Knightsbridge Private Park,office service,Жилой комплекс,жилой комплекс
713,55.732372,37.617889,ЖК Полянка/44,office service,Жилой комплекс,жилой комплекс
714,55.694302,37.529816,Квартал Dominion,office service,Жилой комплекс,жилой комплекс
715,55.749554,37.536758,МФК Башня Федерация,office service,Жилой комплекс,жилой комплекс
716,55.727322,37.575974,Дом на Трубецкой,office service,Жилой комплекс,жилой комплекс
717,55.715771,37.675072,Клубный дом Vitality,office service,Жилой комплекс,жилой комплекс
718,55.719612,37.65921,ЖК Крутицкая набережная,office service,Жилой комплекс,жилой комплекс
719,55.726089,37.572151,Микрорайон Садовые Кварталы,office service,Жилой комплекс,жилой комплекс
720,55.677727,37.63459,Квартал Скай Форт,office service,Жилой комплекс,жилой комплекс
721,55.712051,37.612789,Счастье на Серпуховке,office service,Жилой комплекс,жилой комплекс
722,55.716312,37.613945,ЖК Residence Hall Шаболовский,office service,Жилой комплекс,жилой комплекс
723,55.71946,37.694405,ЖК Метрополия,office service,Жилой комплекс,жилой комплекс
724,55.708942,37.589355,Жилой комплекс Вавилова 4,office service,Жилой комплекс,жилой комплекс
725,55.73933,37.638203,ЖК Аквамарин II,office service,Жилой комплекс,жилой комплекс
726,55.738518,37.613709,ЖК Коперник,office service,Жилой комплекс,жилой комплекс
727,55.736618,37.600899,ЖК Кленовый Dom,office service,Жилой комплекс,жилой комплекс
728,55.675931,37.631624,Счастье на Нагатинской,office service,Жилой комплекс,жилой комплекс
729,55.729691,37.570553,ЖК Barrin House,office service,Жилой комплекс,жилой комплекс
730,55.682743,37.646587,Микрорайон Нагатино-Садовники,office service,Жилой комплекс,жилой комплекс
731,55.737865,37.599194,Резиденция Noble Row,office service,Жилой комплекс,жилой комплекс
732,55.747089,37.622852,Апарт-комплекс Софийский,office service,Жилой комплекс,жилой комплекс
733,55.673727,37.61187,ЖК TopHILLS,office service,Жилой комплекс,жилой комплекс
734,55.733578,37.609924,ЖК Имперский дом,office service,Жилой комплекс,жилой комплекс
735,55.683765,37.582756,"ЖК Новочеремушкинская, 17",office service,Жилой комплекс,жилой комплекс
736,55.713039,37.596233,Два дома 20&20,office service,Жилой комплекс,жилой комплекс
737,55.727863,37.619526,Дом на Добрынинском,office service,Жилой комплекс,жилой комплекс
738,55.736084,37.616634,ЖК Онегин,office service,Жилой комплекс,жилой комплекс
739,55.735317,37.626125,Собрание клубных домов Ordynka,office service,Жилой комплекс,жилой комплекс
740,55.712807,37.644463,Апарт-комплекс Riverdale Apartments,office service,Жилой комплекс,жилой комплекс
741,55.712529,37.618926,Счастье на Тульской,office service,Жилой комплекс,жилой комплекс
742,55.750054,37.700445,Квартал Символ,office service,Жилой комплекс,жилой комплекс
743,55.729301,37.673,ЖК на Симоновском,office service,Жилой комплекс,жилой комплекс
744,55.726162,37.675938,ЖК на ул. Мельникова,office service,Жилой комплекс,жилой комплекс
745,55.678726,37.59343,ЖК Eniteo,office service,Жилой комплекс,жилой комплекс
746,55.718533,37.526276,ЖК Вишневый сад,office service,Жилой комплекс,жилой комплекс
747,55.671391,37.610947,ЖК Вершинино,office service,Жилой комплекс,жилой комплекс
748,55.733994,37.620861,ЖК Римский дом,office service,Жилой комплекс,жилой комплекс
749,55.679691,37.550446,ЖК Вавилово,office service,Жилой комплекс,жилой комплекс
750,55.731712,37.516251,ЖК Victory Park Residences,office service,Жилой комплекс,жилой комплекс
751,55.740601,37.642059,Квартал Wine House,office service,Жилой комплекс,жилой комплекс
752,55.695446,37.579308,Микрорайон Новые Черемушки,office service,Жилой комплекс,жилой комплекс
753,55.7356,37.572655,ЖК Жизнь на Плющихе,office service,Жилой комплекс,жилой комплекс
754,55.703129,37.51482,Квартал Шуваловский Prima,office service,Жилой комплекс,жилой комплекс
755,55.741783,37.634285,ЖК Четыре Солнца,office service,Жилой комплекс,жилой комплекс
756,55.728165,37.738789,Квартальная застройка Sreda,office service,Жилой комплекс,жилой комплекс
757,55.741138,37.622925,Клубный дом Barkli Gallery,office service,Жилой комплекс,жилой комплекс
758,55.730457,37.573925,ЖК Фьюжн парк,office service,Жилой комплекс,жилой комплекс
759,55.749923,37.534253,МФК Око,office service,Жилой комплекс,жилой комплекс
760,55.681671,37.612797,ЖК Нагорный,office service,Жилой комплекс,жилой комплекс
761,55.735016,37.58308,Квартал Литератор,office service,Жилой комплекс,жилой комплекс
762,55.722706,37.645847,Апарт-комплекс Level Павелецкая,office service,Жилой комплекс,жилой комплекс
763,55.723759,37.583649,ЖК Андреевский,office service,Жилой комплекс,жилой комплекс
764,55.661835,37.594833,ЖК Нахимово,office service,Жилой комплекс,жилой комплекс
765,55.734386,37.525341,Дом премиум-класса Поклонная 9,office service,Жилой комплекс,жилой комплекс
766,55.738781,37.603683,ЖК Copper House,office service,Жилой комплекс,жилой комплекс
767,55.696606,37.57066,ЖК Вавилов Дом,office service,Жилой комплекс,жилой комплекс
768,55.709736,37.576832,Дом при Академии наук,office service,Жилой комплекс,жилой комплекс
769,55.736977,37.625957,Элитный дом Малая Ордынка 19,office service,Жилой комплекс,жилой комплекс
770,55.716503,37.50515,ЖК Снегири Эко,office service,Жилой комплекс,жилой комплекс
771,55.716717,37.496902,ЖК West Garden,office service,Жилой комплекс,жилой комплекс
772,55.710732,37.599163,ЖК Донское подворье,office service,Жилой комплекс,жилой комплекс
773,55.743603,37.62347,ЖК Меценат,office service,Жилой комплекс,жилой комплекс
774,55.724113,37.64455,Клубный дом Mitte,office service,Жилой комплекс,жилой комплекс
775,55.725479,37.745766,ЖК Кварталы 21/19,office service,Жилой комплекс,жилой комплекс
776,55.750019,37.647457,ЖК Титул на Серебрянической набережной,office service,Жилой комплекс,жилой комплекс
777,55.722572,37.605286,ЖК Медный 3.14,office service,Жилой комплекс,жилой комплекс
778,55.736465,37.687775,ЖК на Калитниковской,office service,Жилой комплекс,жилой комплекс
779,55.741531,37.646847,Клубный дом на Котельнической набережной,office service,Жилой комплекс,жилой комплекс
780,55.733479,37.660126,"ЖК в Лавровом пер., 8",office service,Жилой комплекс,жилой комплекс
781,55.68025,37.632762,Счастье в Садовниках,office service,Жилой комплекс,жилой комплекс
782,55.742165,37.552444,ЖК Кутузовский,office service,Жилой комплекс,жилой комплекс
783,55.744858,37.660355,ЖК Одиннадцать Станиславского,office service,Жилой комплекс,жилой комплекс
784,55.740257,37.604916,Клубный дом Nabokov,office service,Жилой комплекс,жилой комплекс
785,55.732838,37.622307,ЖК Дипломат,office service,Жилой комплекс,жилой комплекс
786,55.710529,37.615269,Лофт Co_loft,office service,Жилой комплекс,жилой комплекс
787,55.669792,37.611328,ЖК V-house,office service,Жилой комплекс,жилой комплекс
788,55.712261,37.499222,ЖК Золотые ключи 2,office service,Жилой комплекс,жилой комплекс
789,55.738461,37.6161,Клубный дом Mon Cher,office service,Жилой комплекс,жилой комплекс
790,55.75166,37.708266,Лефортово парк,office service,Жилой комплекс,жилой комплекс
791,55.735733,37.635948,Дом на улице Бахрушина,office service,Жилой комплекс,жилой комплекс
792,55.732998,37.579468,Клубный дом White Khamovniki,office service,Жилой комплекс,жилой комплекс
793,55.705067,37.549244,ЖК Astris,office service,Жилой комплекс,жилой комплекс
794,55.704563,37.570923,Апарт-комплекс Ленинский 38,office service,Жилой комплекс,жилой комплекс
795,55.740559,37.61768,ЖК Cloud Nine,office service,Жилой комплекс,жилой комплекс
796,55.689663,37.562122,ЖК на ул. Дмитрия Ульянова,office service,Жилой комплекс,жилой комплекс
797,55.723236,37.527905,Дом на Мосфильмовской,office service,Жилой комплекс,жилой комплекс
798,55.728523,37.741219,ЖК Аквилон Beside,office service,Жилой комплекс,жилой комплекс
799,55.748741,37.589581,ЖК Artisan,office service,Жилой комплекс,жилой комплекс
800,55.736847,37.599274,ЖК Остоженка Парк-Палас,office service,Жилой комплекс,жилой комплекс
801,55.671494,37.599518,ЖК Приоритет,office service,Жилой комплекс,жилой комплекс
802,55.745815,37.512932,ЖК Фили Парк,office service,Жилой комплекс,жилой комплекс
803,55.716,37.504337,ЖК Долина Сетунь,office service,Жилой комплекс,жилой комплекс
804,55.747505,37.534744,МФК IQ квартал,office service,Жилой комплекс,жилой комплекс
805,55.68856,37.555763,ЖК Мечта,office service,Жилой комплекс,жилой комплекс
806,55.751446,37.548496,МФК Capital Towers,office service,Жилой комплекс,жилой комплекс
807,55.742939,37.509397,ЖК Фили Сити,office service,Жилой комплекс,жилой комплекс
808,55.681091,37.551254,ЖК Vavilove,office service,Жилой комплекс,жилой комплекс
809,55.662956,37.515137,ЖК Квартал 38а,office service,Жилой комплекс,жилой комплекс
810,55.746338,37.636028,МФК Balchug Residence,office service,Жилой комплекс,жилой комплекс
811,55.70602,37.549377,ЖК Монолит,office service,Жилой комплекс,жилой комплекс
812,55.723312,37.571964,ЖК La Defense,office service,Жилой комплекс,жилой комплекс
813,55.664097,37.54604,ЖК Родной Город. Воронцовский парк,office service,Жилой комплекс,жилой комплекс
814,55.695751,37.746086,Квартал LIFE-Волжская,office service,Жилой комплекс,жилой комплекс
815,55.686989,37.640057,Квартал Shagal,office service,Жилой комплекс,жилой комплекс
816,55.694012,37.665741,Апарт-отель Ye’s Технопарк,office service,Жилой комплекс,жилой комплекс
817,55.665154,37.614017,ЖК Примавера,office service,Жилой комплекс,жилой комплекс
818,55.738537,37.602428,"ЖК Бутиковский, 5",office service,Жилой комплекс,жилой комплекс
819,55.702339,37.56208,ЖК Премьер,office service,Жилой комплекс,жилой комплекс
820,55.752522,37.524609,Квартал Headliner,office service,Жилой комплекс,жилой комплекс
821,55.665924,37.54768,ЖК Дирижабль,office service,Жилой комплекс,жилой комплекс
822,55.752674,37.707626,Жилой комплекс Пётр I,office service,Жилой комплекс,жилой комплекс
823,55.75116,37.648708,Премиальный дом Nv'9,office service,Жилой комплекс,жилой комплекс
824,55.741676,37.623249,Лофт Кадашевские палаты,office service,Жилой комплекс,жилой комплекс
825,55.745728,37.705021,ЖК Геометрия,office service,Жилой комплекс,жилой комплекс
826,55.723076,37.615467,ЖК Sky House,office service,Жилой комплекс,жилой комплекс
827,55.740452,37.592716,ЖК Еропкинский 16,office service,Жилой комплекс,жилой комплекс
828,55.716312,37.598877,ЖК Veren Place шаболовская,office service,Жилой комплекс,жилой комплекс
829,55.751633,37.664219,МФК Royal House on Yauza,office service,Жилой комплекс,жилой комплекс
830,55.736385,37.673599,Клубный дом на Таганке,office service,Жилой комплекс,жилой комплекс
831,55.658329,37.530964,ЖК Ever,office service,Жилой комплекс,жилой комплекс
832,55.727814,37.535542,ЖК Воробьев дом,office service,Жилой комплекс,жилой комплекс
833,55.742165,37.588341,Клубный дом Дворянское Гнездо,office service,Жилой комплекс,жилой комплекс
834,55.739368,37.603394,ЖК Новая Остоженка,office service,Жилой комплекс,жилой комплекс
835,55.74601,37.61589,ЖК The Residences Mandarin Oriental,office service,Жилой комплекс,жилой комплекс
836,55.71262,37.576942,ЖК Green Hills,office service,Жилой комплекс,жилой комплекс
837,55.721729,37.572899,Лофт Clerkenwell House loft-style apartments,office service,Жилой комплекс,жилой комплекс
838,55.730942,37.59119,ЖК Николаевский дом,office service,Жилой комплекс,жилой комплекс
839,55.682056,37.539814,ЖК Ломоносовский,office service,Жилой комплекс,жилой комплекс
840,55.738476,37.581402,Дом на Бурденко,office service,Жилой комплекс,жилой комплекс
841,55.737347,37.600922,ЖК Кристалл Хаус,office service,Жилой комплекс,жилой комплекс
842,55.723352,37.619966,Счастье в Замоскворечье,office service,Жилой комплекс,жилой комплекс
843,55.735046,37.571045,ЖК Grand Deluxe на Плющихе,office service,Жилой комплекс,жилой комплекс
844,55.744114,37.671238,ЖК The Mostman,office service,Жилой комплекс,жилой комплекс
845,55.748783,37.556847,"Клубный дом Кутузовский, 12",office service,Жилой комплекс,жилой комплекс
846,55.661806,37.731613,Люблинский парк,office service,Жилой комплекс,жилой комплекс
847,55.738468,37.597008,Особняк в Хилковом переулке,office service,Жилой комплекс,жилой комплекс
848,55.742771,37.598042,ЖК Резиденция на Всеволожском,office service,Жилой комплекс,жилой комплекс
849,55.742049,37.676539,Счастье на Таганке,office service,Жилой комплекс,жилой комплекс
850,55.750473,37.539642,МФК Башня Меркурий Сити,office service,Жилой комплекс,жилой комплекс
851,55.703896,37.500027,ЖК Мичуринский,office service,Жилой комплекс,жилой комплекс
852,55.659439,37.560814,ЖК Розмарин,office service,Жилой комплекс,жилой комплекс
853,55.656357,37.523411,ЖК Архитектор,office service,Жилой комплекс,жилой комплекс
854,55.749569,37.597813,ЖК Афанасьевский,office service,Жилой комплекс,жилой комплекс
855,55.74556,37.68565,ЖК Monodom,office service,Жилой комплекс,жилой комплекс
856,55.739761,37.618546,ЖК Времена Года,office service,Жилой комплекс,жилой комплекс
857,55.739765,37.60421,ЖК Спутник,office service,Жилой комплекс,жилой комплекс
858,55.748157,37.540241,МФК Башня Империя,office service,Жилой комплекс,жилой комплекс
859,55.674259,37.562637,ЖК Адмирал-3,office service,Жилой комплекс,жилой комплекс
860,55.715111,37.506947,Квартал Воробьевы Горы,office service,Жилой комплекс,жилой комплекс
861,55.736603,37.611076,ЖК Park Residence,office service,Жилой комплекс,жилой комплекс
862,55.747372,37.538692,МФК Город Столиц,office service,Жилой комплекс,жилой комплекс
863,55.750423,37.682861,Апарт-комплекс Monodom Family,office service,Жилой комплекс,жилой комплекс
864,55.724125,37.609184,ЖК Созвездие Капитал-2,office service,Жилой комплекс,жилой комплекс
865,55.702938,37.592659,ЖК Нескучный Home & SPA,office service,Жилой комплекс,жилой комплекс
866,55.739811,37.605515,ЖК Barkli Plaza,office service,Жилой комплекс,жилой комплекс
867,55.742031,37.67709,ЖК Счастье на Таганке,office service,Жилой комплекс,жилой комплекс
868,55.749176,37.579136,Клубный дом Smolensky De Luxe,office service,Жилой комплекс,жилой комплекс
869,55.740589,37.601295,Клубный дом Barkli Virgin House,office service,Жилой комплекс,жилой комплекс
870,55.752409,37.64039,ЖК Дом с Атлантами,office service,Жилой комплекс,жилой комплекс
871,55.719234,37.726902,ЖК Грани,office service,Жилой комплекс,жилой комплекс
872,55.673195,37.524551,ЖК The Mid,office service,Жилой комплекс,жилой комплекс
873,55.682384,37.552364,ЖК Versis,office service,Жилой комплекс,жилой комплекс
874,55.749062,37.535294,МФК Башня Евразия,office service,Жилой комплекс,жилой комплекс
875,55.741154,37.577599,Клубный дом Bunin,office service,Жилой комплекс,жилой комплекс
876,55.72739,37.735737,ЖК Профит,office service,Жилой комплекс,жилой комплекс
877,55.737442,37.571087,ЖК Бродский,office service,Жилой комплекс,жилой комплекс
878,55.663082,37.537708,ЖК Afi Park Воронцовский,office service,Жилой комплекс,жилой комплекс
879,55.712151,37.612507,ЖК Счастье на Серпуховке,office service,Жилой комплекс,жилой комплекс
880,55.736877,37.641769,ЖК A-Residence,office service,Жилой комплекс,жилой комплекс
881,55.666813,37.645893,Апарт-отель Just M,office service,Жилой комплекс,жилой комплекс
882,55.735622,37.567268,ЖК Savvin River Residence,office service,Жилой комплекс,жилой комплекс
883,55.689758,37.557602,ЖК Мой адрес на Вавилова 52,office service,Жилой комплекс,жилой комплекс
884,55.689903,37.554058,ЖК Fortepiano,office service,Жилой комплекс,жилой комплекс
885,55.677412,37.641261,Второй Нагатинский,office service,Жилой комплекс,жилой комплекс
886,55.751797,37.533794,МФК Neva Towers,office service,Жилой комплекс,жилой комплекс
887,55.673763,37.745571,ЖК Люблинский,office service,Жилой комплекс,жилой комплекс
888,55.737091,37.583553,Авторский дом Roza Rossa,office service,Жилой комплекс,жилой комплекс
889,55.670715,37.750885,ЖК Атмосфера,office service,Жилой комплекс,жилой комплекс
890,55.657253,37.558994,ЖК Onyx Deluxe,office service,Жилой комплекс,жилой комплекс
891,55.741806,37.59663,Клубный дом в Барыковском пер,office service,Жилой комплекс,жилой комплекс
892,55.741127,37.605408,"ЖК Курсовой переулок, 6/1",office service,Жилой комплекс,жилой комплекс
893,55.668339,37.563717,Клубный дом Vivaldi,office service,Жилой комплекс,жилой комплекс
894,55.75214,37.592411,МФК The Book,office service,Жилой комплекс,жилой комплекс
895,55.752041,37.685944,ЖК Золоторожский,office service,Жилой комплекс,жилой комплекс
896,55.744022,37.644325,"Клубный дом на Котельнической набережной, 21",office service,Жилой комплекс,жилой комплекс
897,55.729023,37.636246,Апарт-комплекс Амарант,office service,Жилой комплекс,жилой комплекс
898,55.736996,37.690491,ЖК Loft FM,office service,Жилой комплекс,жилой комплекс
899,55.736126,37.499683,МФК Match Point,office service,Жилой комплекс,жилой комплекс
900,55.740433,37.62624,"Дом на Малой Ордынке, 3",office service,Жилой комплекс,жилой комплекс
901,55.746601,37.628044,МФК Balchug Viewpoint,office service,Жилой комплекс,жилой комплекс
902,55.724865,37.527992,ЖК Режиссер,office service,Жилой комплекс,жилой комплекс
903,55.739811,37.597527,ЖК Opera House,office service,Жилой комплекс,жилой комплекс
904,55.665756,37.514469,ЖК Эмеральд,office service,Жилой комплекс,жилой комплекс
905,55.721859,37.644524,Лофт Taller loft,office service,Жилой комплекс,жилой комплекс
906,55.746002,37.607666,Клубный дом Carré Blanc,office service,Жилой комплекс,жилой комплекс
907,55.748577,37.598557,Клубный дом в Филипповском пер,office service,Жилой комплекс,жилой комплекс
908,55.747692,37.58836,"Дом в Плотниковом пер., 22/16",office service,Жилой комплекс,жилой комплекс
909,55.719627,37.723376,Волжский парк,office service,Жилой комплекс,жилой комплекс
910,55.711128,37.504574,Многофункциональный комплекс Мосфильмовская,office service,Жилой комплекс,жилой комплекс
911,55.729118,37.631622,ЖК Резиденции Замоскворечье,office service,Жилой комплекс,жилой комплекс
912,55.750458,37.59391,"Дом на Арбате, 18",office service,Жилой комплекс,жилой комплекс
913,55.670635,37.581654,МФК Нахимов,office service,Жилой комплекс,жилой комплекс
914,55.751972,37.578854,"ЖК Новый Арбат, 27",office service,Жилой комплекс,жилой комплекс
915,55.752506,37.635635,Клубный дом Lumin House,office service,Жилой комплекс,жилой комплекс
916,55.724258,37.580406,ЖК Пять Звезд,office service,Жилой комплекс,жилой комплекс
917,55.68132,37.610241,ЖК Нагорная 7,office service,Жилой комплекс,жилой комплекс
918,55.743927,37.592583,Апарт-комплекс Дом Гельриха,office service,Жилой комплекс,жилой комплекс
919,55.749456,37.51759,Западный порт,office service,Жилой комплекс,жилой комплекс
920,55.742153,37.621372,"Дом в Лаврушинском пер., 11",office service,Жилой комплекс,жилой комплекс
921,55.661602,37.50946,ЖК WellHouse на Ленинском,office service,Жилой комплекс,жилой комплекс
922,55.728451,37.567318,"Клубный дом Пироговская, 14",office service,Жилой комплекс,жилой комплекс
923,55.728436,37.5723,Клубный дом Magnum,office service,Жилой комплекс,жилой комплекс
924,55.742531,37.596241,ЖК Пречистенка 13,office service,Жилой комплекс,жилой комплекс
925,55.740162,37.604237,Резиденция villa Grace,office service,Жилой комплекс,жилой комплекс
926,55.681496,37.745472,ЖК Расцветай в Люблино,office service,Жилой комплекс,жилой комплекс
927,55.661339,37.513237,ЖК Prizma,office service,Жилой комплекс,жилой комплекс
928,55.664425,37.73444,ЖК Светлый мир Станция Л,office service,Жилой комплекс,жилой комплекс
929,55.728074,37.711464,Новохохловская 15,office service,Жилой комплекс,жилой комплекс
930,55.750095,37.592224,Клубный дом Turandot Residences,office service,Жилой комплекс,жилой комплекс
931,55.749718,37.594288,Клубный дом Староконюшенный 45,office service,Жилой комплекс,жилой комплекс
932,55.726875,37.528252,ЖК Обыкновенное Чудо,office service,Жилой комплекс,жилой комплекс
933,55.734409,37.622192,Дом Palazzo Imperiale,office service,Жилой комплекс,жилой комплекс
934,55.740757,37.581257,ЖК Венский дом,office service,Жилой комплекс,жилой комплекс
935,55.73941,37.739853,ЖК My Space на Фрезерной,office service,Жилой комплекс,жилой комплекс
936,55.73888,37.602005,ЖК Молочный дом,office service,Жилой комплекс,жилой комплекс
937,55.664307,37.515972,"ЖК на Ленинском ПР., 105, к. 1",office service,Жилой комплекс,жилой комплекс
938,55.742832,37.585808,Клубный дом на Смоленском,office service,Жилой комплекс,жилой комплекс
939,55.740234,37.602177,Дом с французскими окнами,office service,Жилой комплекс,жилой комплекс
940,55.739166,37.685478,ЖК на Нижегородской,office service,Жилой комплекс,жилой комплекс
941,55.664242,37.517593,"ЖК на Ленинском ПР., 105, к. 3",office service,Жилой комплекс,жилой комплекс
942,55.748711,37.578514,ЖК Новопесковский,office service,Жилой комплекс,жилой комплекс
943,55.709084,37.509775,Счастье на Ломоносовском,office service,Жилой комплекс,жилой комплекс
944,55.690472,37.667061,ЖК Dream Towers,office service,Жилой комплекс,жилой комплекс
945,55.733463,37.740231,Перовское 2,office service,Жилой комплекс,жилой комплекс
946,55.717136,37.508141,ЖК Lake House,office service,Жилой комплекс,жилой комплекс
947,55.662678,37.517269,"ЖК на Ленинском ПР., 107, к. 3",office service,Жилой комплекс,жилой комплекс
948,55.73267,37.712399,ЖК Н74,office service,Жилой комплекс,жилой комплекс
949,55.726475,37.752628,ЖК Соседи 21/19,office service,Жилой комплекс,жилой комплекс
950,55.744701,37.653358,ЖК Шоколаd,office service,Жилой комплекс,жилой комплекс
951,55.67104,37.516788,Квартал на Ленинском,office service,Жилой комплекс,жилой комплекс
952,55.751766,37.540649,МФК One Tower,office service,Жилой комплекс,жилой комплекс
953,55.743332,37.600613,ЖК Allegoria Mosca,office service,Жилой комплекс,жилой комплекс
954,55.741745,37.599743,ЖК Остоженка 11,office service,Жилой комплекс,жилой комплекс
955,55.750141,37.64967,ЖК АртХаус,office service,Жилой комплекс,жилой комплекс
956,55.742954,37.580509,ЖК Смоленская Застава,office service,Жилой комплекс,жилой комплекс
957,55.750076,37.596756,"Клубный дом в Большом Афанасьевском пер., 41",office service,Жилой комплекс,жилой комплекс
958,55.679344,37.533741,"ЖК на Ленинском ПР., 87",office service,Жилой комплекс,жилой комплекс
959,55.676323,37.536427,ЖК Бирюза,office service,Жилой комплекс,жилой комплекс
960,55.664581,37.59697,Апарт-комплекс Нахимовский 21,office service,Жилой комплекс,жилой комплекс
961,55.747734,37.617939,ЖК Софийская набережная,office service,Жилой комплекс,жилой комплекс
962,55.751457,37.577354,ЖК Груббер Хаус,office service,Жилой комплекс,жилой комплекс
963,55.735622,37.616215,ЖК Титул на Якиманке,office service,Жилой комплекс,жилой комплекс
964,55.727749,37.638531,Апарт-комплекс Mos Yard Дубининская,office service,Жилой комплекс,жилой комплекс
965,55.670628,37.570068,ЖК Флагман,office service,Жилой комплекс,жилой комплекс
966,55.729744,37.734566,МФК Город на Рязанке,office service,Жилой комплекс,жилой комплекс
967,55.750858,37.649826,"ЖК Тессинский, 1",office service,Жилой комплекс,жилой комплекс
968,55.749634,37.57756,Дом на Смоленской набережной,office service,Жилой комплекс,жилой комплекс
969,55.747204,37.59779,Клубный дом академия,office service,Жилой комплекс,жилой комплекс
970,55.744167,37.556217,Апарт-комплекс Atlantic apartments,office service,Жилой комплекс,жилой комплекс
971,55.750648,37.557683,ЖК Бадаевский,office service,Жилой комплекс,жилой комплекс
972,55.739334,37.582485,ЖК High Garden,office service,Жилой комплекс,жилой комплекс
973,55.721588,37.608284,МФК Шаболовская слобода,office service,Жилой комплекс,жилой комплекс
974,55.740005,37.501247,"ЖК на ул. Барклая, ВЛ. 7",office service,Жилой комплекс,жилой комплекс
975,55.745377,37.590576,ЖК Власьевская Слобода,office service,Жилой комплекс,жилой комплекс
976,55.74958,37.59956,ЖК Русский Модерн,office service,Жилой комплекс,жилой комплекс
977,55.740627,37.604965,"ЖК Курсовой, 8",office service,Жилой комплекс,жилой комплекс
978,55.741604,37.58812,ЖК Левшинский 7,office service,Жилой комплекс,жилой комплекс
979,55.731987,37.541477,ЖК Hide,office service,Жилой комплекс,жилой комплекс
980,55.738422,37.643318,Клубный дом на Космодамианской,office service,Жилой комплекс,жилой комплекс
981,55.740803,37.613556,Клубный дом НегоцiантЪ,office service,Жилой комплекс,жилой комплекс
982,55.742336,37.599312,"ЖК Palazzo Остоженка, 12",office service,Жилой комплекс,жилой комплекс
983,55.744244,37.588245,Клубный дом Плотникоff,office service,Жилой комплекс,жилой комплекс
984,55.749763,37.594265,Клубный дом на Арбате,office service,Жилой комплекс,жилой комплекс
985,55.741238,37.674282,Клубный дом Рогожский вал 12,office service,Жилой комплекс,жилой комплекс
986,55.74234,37.627129,ЖК Русские сезоны,office service,Жилой комплекс,жилой комплекс
987,55.743454,37.549953,"Дом на Студенческой, 20",office service,Жилой комплекс,жилой комплекс
988,55.741089,37.600407,ЖК Палаты Муравьевых,office service,Жилой комплекс,жилой комплекс
989,55.752136,37.507973,ЖК Гусарская Баллада,office service,Жилой комплекс,жилой комплекс
990,55.666168,37.619854,Апарт-комплекс Pure Loft,office service,Жилой комплекс,жилой комплекс
991,55.741074,37.631237,ЖК Купеческая усадьба,office service,Жилой комплекс,жилой комплекс
992,55.743988,37.628757,Клубный дом на Овчинниковском,office service,Жилой комплекс,жилой комплекс
993,55.742344,37.600395,Резиденция Golden Mile private residences,office service,Жилой комплекс,жилой комплекс
994,55.704288,37.571812,МФК Lunar,office service,Жилой комплекс,жилой комплекс
995,55.722885,37.516273,Апарт-комплекс Ambassador Golf Club Residence,office service,Жилой комплекс,жилой комплекс
996,55.730259,37.69825,Апарт-комплекс N’ice Loft,office service,Жилой комплекс,жилой комплекс
997,55.741302,37.642284,Особняк Сомелье,office service,Жилой комплекс,жилой комплекс
998,55.741913,37.623634,Клубный дом Novel House,office service,Жилой комплекс,жилой комплекс
999,55.747482,37.600323,Клубный дом Гоголевский,office service,Жилой комплекс,жилой комплекс
1000,55.749195,37.606934,Резиденция Знаменка,office service,Жилой комплекс,жилой комплекс
1001,55.750946,37.596523,"Дом на Арбате, 17",office service,Жилой комплекс,жилой комплекс
1002,55.750858,37.587528,ЖК Арбатская усадьба,office service,Жилой комплекс,жилой комплекс
1003,55.750771,37.585133,Клубный дом на Малом Каковинском пер,office service,Жилой комплекс,жилой комплекс
1004,55.747639,37.54108,Апарт-отель Юрий Долгорукий,office service,Жилой комплекс,жилой комплекс
